"Message",Low,"Starting .NET Native compilation"
"Message",Low,""
"Message",Low,""
"Message",Low,"Task ""Gatekeeper"""
"Message",Normal,"Launching 'C:\Users\Jupiter\.nuget\packages\runtime.win10-x86.microsoft.net.native.compiler\2.2.8-rel-28605-00\tools\x86\ilc\ilc.exe --gatekeeper @""D:\Repositories\DeveloperWOW64\reform\reform\obj\x86\Release\ilc\intermediate\gkargs.rsp""'"
"Message",Low,"Microsoft (R) .NET Native Gatekeeper Version 2.2.28605.00 "
"Message",Low,"Copyright (C) Microsoft Corporation.  All rights reserved. "
"Message",Low," "
"Message",Low,"ILCTelemetry: System.ArgumentException: Could not deserialize to TelemetrySession object"
"Message",Low,"Parameter name: serializedSession ---> System.Runtime.Serialization.SerializationException: There was an error deserializing the object of type Microsoft.VisualStudio.Telemetry.TelemetrySessionSettings. The token '""' was expected but found 'I'. ---> System.Xml.XmlException: The token '""' was expected but found 'I'."
"Message",Low,"   at System.Xml.XmlExceptionHelper.ThrowXmlException(XmlDictionaryReader reader, String res, String arg1, String arg2, String arg3)"
"Message",Low,"   at System.Xml.XmlExceptionHelper.ThrowTokenExpected(XmlDictionaryReader reader, String expected, Char found)"
"Message",Low,"   at System.Runtime.Serialization.Json.XmlJsonReader.ReadServerTypeAttribute(Boolean consumedObjectChar)"
"Message",Low,"   at System.Runtime.Serialization.Json.XmlJsonReader.ReadAttributes()"
"Message",Low,"   at System.Runtime.Serialization.Json.XmlJsonReader.ReadNonExistentElementName(StringHandleConstStringType elementName)"
"Message",Low,"   at System.Runtime.Serialization.Json.XmlJsonReader.Read()"
"Message",Low,"   at System.Xml.XmlBaseReader.IsStartElement()"
"Message",Low,"   at System.Xml.XmlBaseReader.IsStartElement(XmlDictionaryString localName, XmlDictionaryString namespaceUri)"
"Message",Low,"   at System.Runtime.Serialization.XmlReaderDelegator.IsStartElement(XmlDictionaryString localname, XmlDictionaryString ns)"
"Message",Low,"   at System.Runtime.Serialization.XmlObjectSerializer.IsRootElement(XmlReaderDelegator reader, DataContract contract, XmlDictionaryString name, XmlDictionaryString ns)"
"Message",Low,"   at System.Runtime.Serialization.Json.DataContractJsonSerializer.InternalIsStartObject(XmlReaderDelegator reader)"
"Message",Low,"   at System.Runtime.Serialization.Json.DataContractJsonSerializer.InternalReadObject(XmlReaderDelegator xmlReader, Boolean verifyObjectName)"
"Message",Low,"   at System.Runtime.Serialization.XmlObjectSerializer.InternalReadObject(XmlReaderDelegator reader, Boolean verifyObjectName, DataContractResolver dataContractResolver)"
"Message",Low,"   at System.Runtime.Serialization.XmlObjectSerializer.ReadObjectHandleExceptions(XmlReaderDelegator reader, Boolean verifyObjectName, DataContractResolver dataContractResolver)"
"Message",Low,"   --- End of inner exception stack trace ---"
"Message",Low,"   at System.Runtime.Serialization.XmlObjectSerializer.ReadObjectHandleExceptions(XmlReaderDelegator reader, Boolean verifyObjectName, DataContractResolver dataContractResolver)"
"Message",Low,"   at System.Runtime.Serialization.Json.DataContractJsonSerializer.ReadObject(XmlDictionaryReader reader)"
"Message",Low,"   at System.Runtime.Serialization.Json.DataContractJsonSerializer.ReadObject(Stream stream)"
"Message",Low,"   at Microsoft.VisualStudio.Telemetry.TelemetrySessionSettings.Deserialize(String settings)"
"Message",Low,"   at Microsoft.VisualStudio.Telemetry.TelemetrySessionSettings.Parse(String serializedSession)"
"Message",Low,"   --- End of inner exception stack trace ---"
"Message",Low,"   at Microsoft.VisualStudio.Telemetry.TelemetrySessionSettings.Parse(String serializedSession)"
"Message",Low,"   at ILCTelemetry.Program.ReadEvents()"
"Message",Low,"   at ILCTelemetry.Program.Main(String[] args)"
"Message",Low,"Checking assembly 'D:\Repositories\DeveloperWOW64\reform\reform\obj\x86\Release\ilc\in\Microsoft.AppCenter.dll'. "
"Message",Low,"Checking assembly 'D:\Repositories\DeveloperWOW64\reform\reform\obj\x86\Release\ilc\in\Microsoft.AppCenter.Analytics.dll'. "
"Message",Low,"Checking assembly 'D:\Repositories\DeveloperWOW64\reform\reform\obj\x86\Release\ilc\in\Microsoft.AppCenter.Crashes.dll'. "
"Message",Low,"Checking assembly 'D:\Repositories\DeveloperWOW64\reform\reform\obj\x86\Release\ilc\in\Microsoft.Graphics.Canvas.winmd'. "
"Message",Low,"Checking assembly 'D:\Repositories\DeveloperWOW64\reform\reform\obj\x86\Release\ilc\in\Microsoft.Toolkit.dll'. "
"Message",Low,"Checking assembly 'D:\Repositories\DeveloperWOW64\reform\reform\obj\x86\Release\ilc\in\Microsoft.Toolkit.Uwp.dll'. "
"Message",Low,"Checking assembly 'D:\Repositories\DeveloperWOW64\reform\reform\obj\x86\Release\ilc\in\Microsoft.Xaml.Interactions.dll'. "
"Message",Low,"Checking assembly 'D:\Repositories\DeveloperWOW64\reform\reform\obj\x86\Release\ilc\in\Microsoft.Xaml.Interactivity.dll'. "
"Message",Low,"Checking assembly 'D:\Repositories\DeveloperWOW64\reform\reform\obj\x86\Release\ilc\in\Newtonsoft.Json.dll'. "
"Message",Low,"Checking assembly 'D:\Repositories\DeveloperWOW64\reform\reform\obj\x86\Release\ilc\in\reform.exe'. "
"Message",Low,"Checking assembly 'D:\Repositories\DeveloperWOW64\reform\reform\obj\x86\Release\ilc\in\reform.Core.dll'. "
"Message",Low,"Checking assembly 'D:\Repositories\DeveloperWOW64\reform\reform\obj\x86\Release\ilc\in\SQLitePCLRaw.batteries_v2.dll'. "
"Message",Low,"Checking assembly 'D:\Repositories\DeveloperWOW64\reform\reform\obj\x86\Release\ilc\in\SQLitePCLRaw.core.dll'. "
"Message",Low,"Checking assembly 'D:\Repositories\DeveloperWOW64\reform\reform\obj\x86\Release\ilc\in\SQLitePCLRaw.provider.e_sqlite3.dll'. "
"Message",Normal,"'C:\Users\Jupiter\.nuget\packages\runtime.win10-x86.microsoft.net.native.compiler\2.2.8-rel-28605-00\tools\x86\ilc\ilc.exe --gatekeeper @""D:\Repositories\DeveloperWOW64\reform\reform\obj\x86\Release\ilc\intermediate\gkargs.rsp""' completed."
"Message",Normal,"Process execution statistics (all times in milliseconds)"
"Message",Normal,"-----------------------------------------------------------------------------"
"Message",Normal,"launch  |  start   |   stop   |   end    | duration | lifetime | [slot] name"
"Message",Normal,"-----------------------------------------------------------------------------"
"Message",Normal,"       0 |        0 |      203 |      203 |      203 |      203 | [0] Gatekeeper"
"Message",Normal,"Number of commands:      1"
"Message",Normal,"Total system time:       203 ms"
"Message",Normal,"System time per command: 203 ms"
"Message",Normal,"Total duration:          203 ms"
"Message",Normal,"Total lifetime:          203 ms"
"Message",Normal,"Requested DOP:           8"
"Message",Normal,"Duration DOP:            1.0"
"Message",Normal,"Lifetime DOP:            1.0"
"Message",Low,"Done executing task ""Gatekeeper""."
"Message",Low,"Done building target ""RunGatekeeper"" in file ""Preparation""."
"Message",Low,""
"Message",Low,"Done building target ""CreateToolchainGeneratedAssembly"" in file ""Preparation""."
"Message",Low,""
"Message",Low,"Task ""PreMergeAssemblyClosure"""
"Message",Low,"Done executing task ""PreMergeAssemblyClosure""."
"Message",Low,"Done building target ""ConstructPreMergeAssemblyClosure"" in file ""Preparation""."
"Message",Low,""
"Message",Low,"Task ""McgReferenceResolveFilePath"""
"Message",Low,"Done executing task ""McgReferenceResolveFilePath""."
"Message",Low,"Done building target ""PreResolveTransforms"" in file ""Preparation""."
"Message",Low,""
"Message",Low,"Task ""ResolveToolchainRequiredAssemblyRoots"""
"Message",Low,"Done executing task ""ResolveToolchainRequiredAssemblyRoots""."
"Message",Low,"Task ""ILTransformAssemblyClosure"""
"Message",Low,"Done executing task ""ILTransformAssemblyClosure""."
"Message",Low,"Task ""ResolveToolchainRequiredAssemblyRoots"""
"Message",Low,"Done executing task ""ResolveToolchainRequiredAssemblyRoots""."
"Message",Low,"Task ""ReducedCopyAssemblyClosure"""
"Message",Low,"Done executing task ""ReducedCopyAssemblyClosure""."
"Message",Low,"Done building target ""ConstructILTransformAssemblyClosure"" in file ""Preparation""."
"Message",Low,"Done building project ""Preparation""."
"Message",Low,""
"Message",Low,""
"Message",High,"Processing application code"
"Message",Low,"Task ""RunILTransforms"""
"Message",Normal,"Running 'DumpNativeResources' transform, heap at 52 MB."
"Message",Normal,"Running 'Analysis' transform, heap at 67 MB."
"Message",Low,"Loading 116 modules..."
"Message",Normal,"Imported reflection directives from 18 files:"
"Message",Normal,"D:\Repositories\DeveloperWOW64\reform\reform\obj\x86\Release\ilc\in\Properties\Default.rd.xml"
"Message",Normal,"Embedded manifest in System.Private.Interop: Resources.System.Private.Interop.rd.xml"
"Message",Normal,"Embedded manifest in System.Private.WinRTInterop.CoreLib: Resources.System.Private.WinRTInterop.CoreLib.rd.xml"
"Message",Normal,"Embedded manifest in System.Runtime.WindowsRuntime.UI.Xaml: Resources.System.Runtime.WindowsRuntime.UI.Xaml.rd.xml"
"Message",Normal,"Embedded manifest in Microsoft.Toolkit.Uwp: Microsoft.Toolkit.Uwp.Properties.Microsoft.Windows.Toolkit.rd.xml"
"Message",Normal,"Embedded manifest in Microsoft.Xaml.Interactions: Microsoft.Xaml.Interactions.Properties.Microsoft.Xaml.Interactions.rd.xml"
"Message",Normal,"Embedded manifest in Microsoft.Xaml.Interactivity: Microsoft.Xaml.Interactivity.Properties.Microsoft.Xaml.Interactivity.rd.xml"
"Message",Normal,"Embedded manifest in System.Private.CoreLib: Resources.System.Private.CoreLib.rd.xml"
"Message",Normal,"Embedded manifest in System.Private.Uri: Resources.System.Private.Uri.rd.xml"
"Message",Normal,"Embedded manifest in System.Private.Reflection.Core: System.Private.Reflection.Core.rd.xml"
"Message",Normal,"Embedded manifest in System.Net.Primitives: Resources.System.Net.Primitives.rd.xml"
"Message",Normal,"Embedded manifest in System.Private.Xml: System.Xml.Resources.System.Private.Xml.rd.xml"
"Message",Normal,"Embedded manifest in System.Runtime.Serialization.Formatters: System.Runtime.Serialization.Formatters.Resources.System.Runtime.Serialization.Formatters.rd.xml"
"Message",Normal,"Embedded manifest in System.ComponentModel.TypeConverter: System.ComponentModel.TypeConverter.Resources.System.ComponentModel.TypeConverter.rd.xml"
"Message",Normal,"Embedded manifest in System.Linq.Expressions: System.Linq.Expressions.Resources.System.Linq.Expressions.rd.xml"
"Message",Normal,"Embedded manifest in System.Runtime.Serialization.Primitives: System.Runtime.Serialization.Primitives.Resources.System.Runtime.Serialization.Primitives.rd.xml"
"Message",Normal,"Embedded manifest in System.Data.Common: Resources.System.Data.Common.rd.xml"
"Message",Normal,"Newtonsoft.Json"
"Message",Normal,"Imported XAML Roots from 1 files:"
"Message",Normal,"D:\Repositories\DeveloperWOW64\reform\reform\obj\x86\Release\ilc\in\reform.xr.xml"
"Message",Normal,"Running 'Mcg' transform, heap at 303 MB."
"Message",High,"Computing application closure and generating interop code"
"Message",High,"  Loading 116 modules..."
"Message",Normal,"          P/Invoke 'GetLocaleInfoEx' resolved to 'GetLocaleInfoEx!api-ms-win-core-localization-l1-2-0.dll' from 'SupportedAPIs.xml'."
"Message",Normal,"          P/Invoke 'sqlite3_close' resolved to 'sqlite3_close!e_sqlite3' from 'e_sqlite3'."
"Message",Normal,"          P/Invoke 'sqlite3_close_v2' resolved to 'sqlite3_close_v2!e_sqlite3' from 'e_sqlite3'."
"Message",Normal,"          P/Invoke 'sqlite3_enable_shared_cache' resolved to 'sqlite3_enable_shared_cache!e_sqlite3' from 'e_sqlite3'."
"Message",Normal,"          P/Invoke 'sqlite3_interrupt' resolved to 'sqlite3_interrupt!e_sqlite3' from 'e_sqlite3'."
"Message",Normal,"          P/Invoke 'sqlite3_finalize' resolved to 'sqlite3_finalize!e_sqlite3' from 'e_sqlite3'."
"Message",Normal,"          P/Invoke 'sqlite3_reset' resolved to 'sqlite3_reset!e_sqlite3' from 'e_sqlite3'."
"Message",Normal,"          P/Invoke 'sqlite3_clear_bindings' resolved to 'sqlite3_clear_bindings!e_sqlite3' from 'e_sqlite3'."
"Message",Normal,"          P/Invoke 'sqlite3_stmt_status' resolved to 'sqlite3_stmt_status!e_sqlite3' from 'e_sqlite3'."
"Message",Normal,"          P/Invoke 'sqlite3_bind_parameter_name' resolved to 'sqlite3_bind_parameter_name!e_sqlite3' from 'e_sqlite3'."
"Message",Normal,"          P/Invoke 'sqlite3_column_database_name' resolved to 'sqlite3_column_database_name!e_sqlite3' from 'e_sqlite3'."
"Message",Normal,"          P/Invoke 'sqlite3_column_decltype' resolved to 'sqlite3_column_decltype!e_sqlite3' from 'e_sqlite3'."
"Message",Normal,"          P/Invoke 'sqlite3_column_name' resolved to 'sqlite3_column_name!e_sqlite3' from 'e_sqlite3'."
"Message",Normal,"          P/Invoke 'sqlite3_column_origin_name' resolved to 'sqlite3_column_origin_name!e_sqlite3' from 'e_sqlite3'."
"Message",Normal,"          P/Invoke 'sqlite3_column_table_name' resolved to 'sqlite3_column_table_name!e_sqlite3' from 'e_sqlite3'."
"Message",Normal,"          P/Invoke 'sqlite3_column_text' resolved to 'sqlite3_column_text!e_sqlite3' from 'e_sqlite3'."
"Message",Normal,"          P/Invoke 'sqlite3_errmsg' resolved to 'sqlite3_errmsg!e_sqlite3' from 'e_sqlite3'."
"Message",Normal,"          P/Invoke 'sqlite3_db_readonly' resolved to 'sqlite3_db_readonly!e_sqlite3' from 'e_sqlite3'."
"Message",Normal,"          P/Invoke 'sqlite3_db_filename' resolved to 'sqlite3_db_filename!e_sqlite3' from 'e_sqlite3'."
"Message",Normal,"          P/Invoke 'sqlite3_prepare_v2' resolved to 'sqlite3_prepare_v2!e_sqlite3' from 'e_sqlite3'."
"Message",Normal,"          P/Invoke 'sqlite3_prepare_v3' resolved to 'sqlite3_prepare_v3!e_sqlite3' from 'e_sqlite3'."
"Message",Normal,"          P/Invoke 'sqlite3_db_status' resolved to 'sqlite3_db_status!e_sqlite3' from 'e_sqlite3'."
"Message",Normal,"          P/Invoke 'sqlite3_complete' resolved to 'sqlite3_complete!e_sqlite3' from 'e_sqlite3'."
"Message",Normal,"          P/Invoke 'sqlite3_compileoption_used' resolved to 'sqlite3_compileoption_used!e_sqlite3' from 'e_sqlite3'."
"Message",Normal,"          P/Invoke 'sqlite3_compileoption_get' resolved to 'sqlite3_compileoption_get!e_sqlite3' from 'e_sqlite3'."
"Message",Normal,"          P/Invoke 'sqlite3_table_column_metadata' resolved to 'sqlite3_table_column_metadata!e_sqlite3' from 'e_sqlite3'."
"Message",Normal,"          P/Invoke 'sqlite3_value_text' resolved to 'sqlite3_value_text!e_sqlite3' from 'e_sqlite3'."
"Message",Normal,"          P/Invoke 'sqlite3_enable_load_extension' resolved to 'sqlite3_enable_load_extension!e_sqlite3' from 'e_sqlite3'."
"Message",Normal,"          P/Invoke 'sqlite3_load_extension' resolved to 'sqlite3_load_extension!e_sqlite3' from 'e_sqlite3'."
"Message",Normal,"          P/Invoke 'sqlite3_initialize' resolved to 'sqlite3_initialize!e_sqlite3' from 'e_sqlite3'."
"Message",Normal,"          P/Invoke 'sqlite3_shutdown' resolved to 'sqlite3_shutdown!e_sqlite3' from 'e_sqlite3'."
"Message",Normal,"          P/Invoke 'sqlite3_libversion' resolved to 'sqlite3_libversion!e_sqlite3' from 'e_sqlite3'."
"Message",Normal,"          P/Invoke 'sqlite3_libversion_number' resolved to 'sqlite3_libversion_number!e_sqlite3' from 'e_sqlite3'."
"Message",Normal,"          P/Invoke 'sqlite3_threadsafe' resolved to 'sqlite3_threadsafe!e_sqlite3' from 'e_sqlite3'."
"Message",Normal,"          P/Invoke 'sqlite3_sourceid' resolved to 'sqlite3_sourceid!e_sqlite3' from 'e_sqlite3'."
"Message",Normal,"          P/Invoke 'sqlite3_malloc' resolved to 'sqlite3_malloc!e_sqlite3' from 'e_sqlite3'."
"Message",Normal,"          P/Invoke 'sqlite3_realloc' resolved to 'sqlite3_realloc!e_sqlite3' from 'e_sqlite3'."
"Message",Normal,"          P/Invoke 'sqlite3_free' resolved to 'sqlite3_free!e_sqlite3' from 'e_sqlite3'."
"Message",Normal,"          P/Invoke 'sqlite3_stricmp' resolved to 'sqlite3_stricmp!e_sqlite3' from 'e_sqlite3'."
"Message",Normal,"          P/Invoke 'sqlite3_strnicmp' resolved to 'sqlite3_strnicmp!e_sqlite3' from 'e_sqlite3'."
"Message",Normal,"          P/Invoke 'sqlite3_open' resolved to 'sqlite3_open!e_sqlite3' from 'e_sqlite3'."
"Message",Normal,"          P/Invoke 'sqlite3_open_v2' resolved to 'sqlite3_open_v2!e_sqlite3' from 'e_sqlite3'."
"Message",Normal,"          P/Invoke 'sqlite3_vfs_find' resolved to 'sqlite3_vfs_find!e_sqlite3' from 'e_sqlite3'."
"Message",Normal,"          P/Invoke 'sqlite3_last_insert_rowid' resolved to 'sqlite3_last_insert_rowid!e_sqlite3' from 'e_sqlite3'."
"Message",Normal,"          P/Invoke 'sqlite3_changes' resolved to 'sqlite3_changes!e_sqlite3' from 'e_sqlite3'."
"Message",Normal,"          P/Invoke 'sqlite3_total_changes' resolved to 'sqlite3_total_changes!e_sqlite3' from 'e_sqlite3'."
"Message",Normal,"          P/Invoke 'sqlite3_memory_used' resolved to 'sqlite3_memory_used!e_sqlite3' from 'e_sqlite3'."
"Message",Normal,"          P/Invoke 'sqlite3_memory_highwater' resolved to 'sqlite3_memory_highwater!e_sqlite3' from 'e_sqlite3'."
"Message",Normal,"          P/Invoke 'sqlite3_status' resolved to 'sqlite3_status!e_sqlite3' from 'e_sqlite3'."
"Message",Normal,"          P/Invoke 'sqlite3_busy_timeout' resolved to 'sqlite3_busy_timeout!e_sqlite3' from 'e_sqlite3'."
"Message",Normal,"          P/Invoke 'sqlite3_bind_blob' resolved to 'sqlite3_bind_blob!e_sqlite3' from 'e_sqlite3'."
"Message",Normal,"          P/Invoke 'sqlite3_bind_zeroblob' resolved to 'sqlite3_bind_zeroblob!e_sqlite3' from 'e_sqlite3'."
"Message",Normal,"          P/Invoke 'sqlite3_bind_double' resolved to 'sqlite3_bind_double!e_sqlite3' from 'e_sqlite3'."
"Message",Normal,"          P/Invoke 'sqlite3_bind_int' resolved to 'sqlite3_bind_int!e_sqlite3' from 'e_sqlite3'."
"Message",Normal,"          P/Invoke 'sqlite3_bind_int64' resolved to 'sqlite3_bind_int64!e_sqlite3' from 'e_sqlite3'."
"Message",Normal,"          P/Invoke 'sqlite3_bind_null' resolved to 'sqlite3_bind_null!e_sqlite3' from 'e_sqlite3'."
"Message",Normal,"          P/Invoke 'sqlite3_bind_text' resolved to 'sqlite3_bind_text!e_sqlite3' from 'e_sqlite3'."
"Message",Normal,"          P/Invoke 'sqlite3_bind_parameter_count' resolved to 'sqlite3_bind_parameter_count!e_sqlite3' from 'e_sqlite3'."
"Message",Normal,"          P/Invoke 'sqlite3_bind_parameter_index' resolved to 'sqlite3_bind_parameter_index!e_sqlite3' from 'e_sqlite3'."
"Message",Normal,"          P/Invoke 'sqlite3_column_count' resolved to 'sqlite3_column_count!e_sqlite3' from 'e_sqlite3'."
"Message",Normal,"          P/Invoke 'sqlite3_data_count' resolved to 'sqlite3_data_count!e_sqlite3' from 'e_sqlite3'."
"Message",Normal,"          P/Invoke 'sqlite3_step' resolved to 'sqlite3_step!e_sqlite3' from 'e_sqlite3'."
"Message",Normal,"          P/Invoke 'sqlite3_sql' resolved to 'sqlite3_sql!e_sqlite3' from 'e_sqlite3'."
"Message",Normal,"          P/Invoke 'sqlite3_column_double' resolved to 'sqlite3_column_double!e_sqlite3' from 'e_sqlite3'."
"Message",Normal,"          P/Invoke 'sqlite3_column_int' resolved to 'sqlite3_column_int!e_sqlite3' from 'e_sqlite3'."
"Message",Normal,"          P/Invoke 'sqlite3_column_int64' resolved to 'sqlite3_column_int64!e_sqlite3' from 'e_sqlite3'."
"Message",Normal,"          P/Invoke 'sqlite3_column_blob' resolved to 'sqlite3_column_blob!e_sqlite3' from 'e_sqlite3'."
"Message",Normal,"          P/Invoke 'sqlite3_column_bytes' resolved to 'sqlite3_column_bytes!e_sqlite3' from 'e_sqlite3'."
"Message",Normal,"          P/Invoke 'sqlite3_column_type' resolved to 'sqlite3_column_type!e_sqlite3' from 'e_sqlite3'."
"Message",Normal,"          P/Invoke 'sqlite3_aggregate_count' resolved to 'sqlite3_aggregate_count!e_sqlite3' from 'e_sqlite3'."
"Message",Normal,"          P/Invoke 'sqlite3_value_blob' resolved to 'sqlite3_value_blob!e_sqlite3' from 'e_sqlite3'."
"Message",Normal,"          P/Invoke 'sqlite3_value_bytes' resolved to 'sqlite3_value_bytes!e_sqlite3' from 'e_sqlite3'."
"Message",Normal,"          P/Invoke 'sqlite3_value_double' resolved to 'sqlite3_value_double!e_sqlite3' from 'e_sqlite3'."
"Message",Normal,"          P/Invoke 'sqlite3_value_int' resolved to 'sqlite3_value_int!e_sqlite3' from 'e_sqlite3'."
"Message",Normal,"          P/Invoke 'sqlite3_value_int64' resolved to 'sqlite3_value_int64!e_sqlite3' from 'e_sqlite3'."
"Message",Normal,"          P/Invoke 'sqlite3_value_type' resolved to 'sqlite3_value_type!e_sqlite3' from 'e_sqlite3'."
"Message",Normal,"          P/Invoke 'sqlite3_user_data' resolved to 'sqlite3_user_data!e_sqlite3' from 'e_sqlite3'."
"Message",Normal,"          P/Invoke 'sqlite3_result_blob' resolved to 'sqlite3_result_blob!e_sqlite3' from 'e_sqlite3'."
"Message",Normal,"          P/Invoke 'sqlite3_result_double' resolved to 'sqlite3_result_double!e_sqlite3' from 'e_sqlite3'."
"Message",Normal,"          P/Invoke 'sqlite3_result_error' resolved to 'sqlite3_result_error!e_sqlite3' from 'e_sqlite3'."
"Message",Normal,"          P/Invoke 'sqlite3_result_int' resolved to 'sqlite3_result_int!e_sqlite3' from 'e_sqlite3'."
"Message",Normal,"          P/Invoke 'sqlite3_result_int64' resolved to 'sqlite3_result_int64!e_sqlite3' from 'e_sqlite3'."
"Message",Normal,"          P/Invoke 'sqlite3_result_null' resolved to 'sqlite3_result_null!e_sqlite3' from 'e_sqlite3'."
"Message",Normal,"          P/Invoke 'sqlite3_result_text' resolved to 'sqlite3_result_text!e_sqlite3' from 'e_sqlite3'."
"Message",Normal,"          P/Invoke 'sqlite3_result_zeroblob' resolved to 'sqlite3_result_zeroblob!e_sqlite3' from 'e_sqlite3'."
"Message",Normal,"          P/Invoke 'sqlite3_result_error_toobig' resolved to 'sqlite3_result_error_toobig!e_sqlite3' from 'e_sqlite3'."
"Message",Normal,"          P/Invoke 'sqlite3_result_error_nomem' resolved to 'sqlite3_result_error_nomem!e_sqlite3' from 'e_sqlite3'."
"Message",Normal,"          P/Invoke 'sqlite3_result_error_code' resolved to 'sqlite3_result_error_code!e_sqlite3' from 'e_sqlite3'."
"Message",Normal,"          P/Invoke 'sqlite3_aggregate_context' resolved to 'sqlite3_aggregate_context!e_sqlite3' from 'e_sqlite3'."
"Message",Normal,"          P/Invoke 'sqlite3_config' resolved to 'sqlite3_config!e_sqlite3' from 'e_sqlite3'."
"Message",Normal,"          P/Invoke 'sqlite3_config' resolved to 'sqlite3_config!e_sqlite3' from 'e_sqlite3'."
"Message",Normal,"          P/Invoke 'sqlite3_config' resolved to 'sqlite3_config!e_sqlite3' from 'e_sqlite3'."
"Message",Normal,"          P/Invoke 'sqlite3_create_collation' resolved to 'sqlite3_create_collation!e_sqlite3' from 'e_sqlite3'."
"Message",Normal,"          P/Invoke 'sqlite3_update_hook' resolved to 'sqlite3_update_hook!e_sqlite3' from 'e_sqlite3'."
"Message",Normal,"          P/Invoke 'sqlite3_commit_hook' resolved to 'sqlite3_commit_hook!e_sqlite3' from 'e_sqlite3'."
"Message",Normal,"          P/Invoke 'sqlite3_profile' resolved to 'sqlite3_profile!e_sqlite3' from 'e_sqlite3'."
"Message",Normal,"          P/Invoke 'sqlite3_progress_handler' resolved to 'sqlite3_progress_handler!e_sqlite3' from 'e_sqlite3'."
"Message",Normal,"          P/Invoke 'sqlite3_trace' resolved to 'sqlite3_trace!e_sqlite3' from 'e_sqlite3'."
"Message",Normal,"          P/Invoke 'sqlite3_rollback_hook' resolved to 'sqlite3_rollback_hook!e_sqlite3' from 'e_sqlite3'."
"Message",Normal,"          P/Invoke 'sqlite3_db_handle' resolved to 'sqlite3_db_handle!e_sqlite3' from 'e_sqlite3'."
"Message",Normal,"          P/Invoke 'sqlite3_next_stmt' resolved to 'sqlite3_next_stmt!e_sqlite3' from 'e_sqlite3'."
"Message",Normal,"          P/Invoke 'sqlite3_stmt_busy' resolved to 'sqlite3_stmt_busy!e_sqlite3' from 'e_sqlite3'."
"Message",Normal,"          P/Invoke 'sqlite3_stmt_readonly' resolved to 'sqlite3_stmt_readonly!e_sqlite3' from 'e_sqlite3'."
"Message",Normal,"          P/Invoke 'sqlite3_exec' resolved to 'sqlite3_exec!e_sqlite3' from 'e_sqlite3'."
"Message",Normal,"          P/Invoke 'sqlite3_get_autocommit' resolved to 'sqlite3_get_autocommit!e_sqlite3' from 'e_sqlite3'."
"Message",Normal,"          P/Invoke 'sqlite3_extended_result_codes' resolved to 'sqlite3_extended_result_codes!e_sqlite3' from 'e_sqlite3'."
"Message",Normal,"          P/Invoke 'sqlite3_errcode' resolved to 'sqlite3_errcode!e_sqlite3' from 'e_sqlite3'."
"Message",Normal,"          P/Invoke 'sqlite3_extended_errcode' resolved to 'sqlite3_extended_errcode!e_sqlite3' from 'e_sqlite3'."
"Message",Normal,"          P/Invoke 'sqlite3_errstr' resolved to 'sqlite3_errstr!e_sqlite3' from 'e_sqlite3'."
"Message",Normal,"          P/Invoke 'sqlite3_log' resolved to 'sqlite3_log!e_sqlite3' from 'e_sqlite3'."
"Message",Normal,"          P/Invoke 'sqlite3_file_control' resolved to 'sqlite3_file_control!e_sqlite3' from 'e_sqlite3'."
"Message",Normal,"          P/Invoke 'sqlite3_backup_init' resolved to 'sqlite3_backup_init!e_sqlite3' from 'e_sqlite3'."
"Message",Normal,"          P/Invoke 'sqlite3_backup_step' resolved to 'sqlite3_backup_step!e_sqlite3' from 'e_sqlite3'."
"Message",Normal,"          P/Invoke 'sqlite3_backup_remaining' resolved to 'sqlite3_backup_remaining!e_sqlite3' from 'e_sqlite3'."
"Message",Normal,"          P/Invoke 'sqlite3_backup_pagecount' resolved to 'sqlite3_backup_pagecount!e_sqlite3' from 'e_sqlite3'."
"Message",Normal,"          P/Invoke 'sqlite3_backup_finish' resolved to 'sqlite3_backup_finish!e_sqlite3' from 'e_sqlite3'."
"Message",Normal,"          P/Invoke 'sqlite3_blob_open' resolved to 'sqlite3_blob_open!e_sqlite3' from 'e_sqlite3'."
"Message",Normal,"          P/Invoke 'sqlite3_blob_write' resolved to 'sqlite3_blob_write!e_sqlite3' from 'e_sqlite3'."
"Message",Normal,"          P/Invoke 'sqlite3_blob_read' resolved to 'sqlite3_blob_read!e_sqlite3' from 'e_sqlite3'."
"Message",Normal,"          P/Invoke 'sqlite3_blob_bytes' resolved to 'sqlite3_blob_bytes!e_sqlite3' from 'e_sqlite3'."
"Message",Normal,"          P/Invoke 'sqlite3_blob_reopen' resolved to 'sqlite3_blob_reopen!e_sqlite3' from 'e_sqlite3'."
"Message",Normal,"          P/Invoke 'sqlite3_blob_close' resolved to 'sqlite3_blob_close!e_sqlite3' from 'e_sqlite3'."
"Message",Normal,"          P/Invoke 'sqlite3_wal_autocheckpoint' resolved to 'sqlite3_wal_autocheckpoint!e_sqlite3' from 'e_sqlite3'."
"Message",Normal,"          P/Invoke 'sqlite3_wal_checkpoint' resolved to 'sqlite3_wal_checkpoint!e_sqlite3' from 'e_sqlite3'."
"Message",Normal,"          P/Invoke 'sqlite3_wal_checkpoint_v2' resolved to 'sqlite3_wal_checkpoint_v2!e_sqlite3' from 'e_sqlite3'."
"Message",Normal,"          P/Invoke 'sqlite3_set_authorizer' resolved to 'sqlite3_set_authorizer!e_sqlite3' from 'e_sqlite3'."
"Message",Normal,"          P/Invoke 'sqlite3_win32_set_directory8' resolved to 'sqlite3_win32_set_directory8!e_sqlite3' from 'e_sqlite3'."
"Message",Normal,"          P/Invoke 'sqlite3_create_function_v2' resolved to 'sqlite3_create_function_v2!e_sqlite3' from 'e_sqlite3'."
"Message",Normal,"          P/Invoke 'RhpGetFuncEvalParameterBufferSize' with [DllImport(ExactSpelling=true)] resolved to '[MRT]!RhpGetFuncEvalParameterBufferSize'."
"Message",Normal,"          P/Invoke 'RhpGetFuncEvalMode' with [DllImport(ExactSpelling=true)] resolved to '[MRT]!RhpGetFuncEvalMode'."
"Message",Normal,"          P/Invoke 'RhpRecordDebuggeeInitiatedHandle' with [DllImport(ExactSpelling=true)] resolved to '[MRT]!RhpRecordDebuggeeInitiatedHandle'."
"Message",Normal,"          P/Invoke 'RhpVerifyDebuggerCleanup' with [DllImport(ExactSpelling=true)] resolved to '[MRT]!RhpVerifyDebuggerCleanup'."
"Message",Normal,"          P/Invoke 'RhpGetCurrentThread' with [DllImport(ExactSpelling=true)] resolved to '[MRT]!RhpGetCurrentThread'."
"Message",Normal,"          P/Invoke 'RhWaitForPendingFinalizers' with [DllImport(ExactSpelling=true)] resolved to '[MRT]!RhWaitForPendingFinalizers'."
"Message",Normal,"          P/Invoke 'RhYield' with [DllImport(ExactSpelling=true)] resolved to '[MRT]!RhYield'."
"Message",Normal,"          P/Invoke 'RhFlushProcessWriteBuffers' with [DllImport(ExactSpelling=true)] resolved to '[MRT]!RhFlushProcessWriteBuffers'."
"Message",Normal,"          P/Invoke 'RhCompatibleReentrantWaitAny' with [DllImport(ExactSpelling=true)] resolved to '[MRT]!RhCompatibleReentrantWaitAny'."
"Message",Normal,"          P/Invoke 'RhCallDescrWorker' with [DllImport(ExactSpelling=true)] resolved to '[MRT]!RhCallDescrWorker'."
"Message",Normal,"          P/Invoke '_ecvt_s' with [DllImport(ExactSpelling=true)] resolved to '[MRT]!_ecvt_s'."
"Message",Normal,"          P/Invoke 'memmove' with [DllImport(ExactSpelling=true)] resolved to '[MRT]!memmove'."
"Message",Normal,"          P/Invoke 'memset' with [DllImport(ExactSpelling=true)] resolved to '[MRT]!memset'."
"Message",Normal,"          P/Invoke 'CallingConventionConverter_GetStubs' with [DllImport(ExactSpelling=true)] resolved to '*!CallingConventionConverter_GetStubs'."
"Message",Normal,"          P/Invoke 'WindowsCreateStringReference' resolved to 'WindowsCreateStringReference!api-ms-win-core-winrt-string-l1-1-0.dll' from 'SupportedAPIs.xml'."
"Message",Normal,"          P/Invoke 'GetLastError' resolved to 'GetLastError!api-ms-win-core-errorhandling-l1-1-0.dll' from 'SupportedAPIs.xml'."
"Message",Normal,"          P/Invoke 'SetLastError' resolved to 'SetLastError!api-ms-win-core-errorhandling-l1-1-0.dll' from 'SupportedAPIs.xml'."
"Message",Normal,"          P/Invoke 'RoInitialize' resolved to 'RoInitialize!api-ms-win-core-winrt-l1-1-0.dll' from 'SupportedAPIs.xml'."
"Message",Normal,"          P/Invoke 'GetSystemInfo' resolved to 'GetSystemInfo!kernel32.dll' from 'SupportedAPIs.xml'."
"Message",Normal,"          P/Invoke 'IsValidLocaleName' resolved to 'IsValidLocaleName!api-ms-win-core-localization-l1-2-0.dll' from 'SupportedAPIs.xml'."
"Message",Normal,"          P/Invoke 'ResolveLocaleName' resolved to 'ResolveLocaleName!api-ms-win-core-localization-l1-2-0.dll' from 'SupportedAPIs.xml'."
"Message",Normal,"          P/Invoke 'CertDuplicateCertificateContext' resolved to 'CertDuplicateCertificateContext!crypt32.dll' from 'SupportedAPIs.xml'."
"Message",Normal,"          P/Invoke 'CertGetCertificateContextProperty' resolved to 'CertGetCertificateContextProperty!crypt32.dll' from 'SupportedAPIs.xml'."
"Message",Normal,"          P/Invoke 'CreateDirectoryW' resolved to 'CreateDirectoryW!kernel32.dll' from 'SupportedAPIs.xml'."
"Message",Normal,"          P/Invoke 'FindNextFileW' resolved to 'FindNextFileW!kernel32.dll' from 'SupportedAPIs.xml'."
"Message",Normal,"          P/Invoke 'SetThreadErrorMode' resolved to 'SetThreadErrorMode!kernel32.dll' from 'SupportedAPIs.xml'."
"Message",Normal,"          P/Invoke 'GetFileAttributesExW' resolved to 'GetFileAttributesExW!kernel32.dll' from 'SupportedAPIs.xml'."
"Message",Normal,"          P/Invoke 'FindFirstFileExW' resolved to 'FindFirstFileExW!kernel32.dll' from 'SupportedAPIs.xml'."
"Message",Normal,"          P/Invoke 'DeleteFileW' resolved to 'DeleteFileW!kernel32.dll' from 'SupportedAPIs.xml'."
"Message",Normal,"          P/Invoke 'GetCPInfoExW' resolved to 'GetCPInfoExW!kernel32.dll' from 'SupportedAPIs.xml'."
"Message",Normal,"          P/Invoke 'CryptQueryObject' resolved to 'CryptQueryObject!crypt32.dll' from 'SupportedAPIs.xml'."
"Message",Normal,"          P/Invoke 'CertDuplicateCertificateContext' resolved to 'CertDuplicateCertificateContext!crypt32.dll' from 'SupportedAPIs.xml'."
"Message",Normal,"          P/Invoke 'RemoveDirectoryW' resolved to 'RemoveDirectoryW!kernel32.dll' from 'SupportedAPIs.xml'."
"Message",Normal,"          P/Invoke 'DeleteVolumeMountPointW' resolved to 'DeleteVolumeMountPointW!kernel32.dll' from 'SupportedAPIs.xml'."
"Message",Normal,"          P/Invoke 'CertFreeCertificateContext' resolved to 'CertFreeCertificateContext!crypt32.dll' from 'SupportedAPIs.xml'."
"Message",Normal,"          P/Invoke 'FindClose' resolved to 'FindClose!kernel32.dll' from 'SupportedAPIs.xml'."
"Message",Normal,"          P/Invoke 'CryptMsgGetParam' resolved to 'CryptMsgGetParam!crypt32.dll' from 'SupportedAPIs.xml'."
"Message",Normal,"          P/Invoke 'CryptMsgGetParam' resolved to 'CryptMsgGetParam!crypt32.dll' from 'SupportedAPIs.xml'."
"Message",Normal,"          P/Invoke 'PFXImportCertStore' resolved to 'PFXImportCertStore!crypt32.dll' from 'SupportedAPIs.xml'."
"Message",Normal,"          P/Invoke 'CryptFindOIDInfo' resolved to 'CryptFindOIDInfo!crypt32.dll' from 'SupportedAPIs.xml'."
"Message",Normal,"          P/Invoke 'CoCreateInstance' resolved to 'CoCreateInstance!api-ms-win-core-com-l1-1-0.dll' from 'SupportedAPIs.xml'."
"Message",Normal,"          P/Invoke 'GetCurrentProcessId' resolved to 'GetCurrentProcessId!kernel32.dll' from 'SupportedAPIs.xml'."
"Message",Normal,"          P/Invoke 'CertGetCertificateContextProperty' resolved to 'CertGetCertificateContextProperty!crypt32.dll' from 'SupportedAPIs.xml'."
"Message",Normal,"          P/Invoke 'CertCloseStore' resolved to 'CertCloseStore!crypt32.dll' from 'SupportedAPIs.xml'."
"Message",Normal,"          P/Invoke 'CryptMsgClose' resolved to 'CryptMsgClose!crypt32.dll' from 'SupportedAPIs.xml'."
"Message",Normal,"          P/Invoke 'CertFindCertificateInStore' resolved to 'CertFindCertificateInStore!crypt32.dll' from 'SupportedAPIs.xml'."
"Message",Normal,"          P/Invoke 'CryptAcquireContextW' resolved to 'CryptAcquireContextW!advapi32.dll' from 'SupportedAPIs.xml'."
"Message",Normal,"          P/Invoke 'CertEnumCertificatesInStore' resolved to 'CertEnumCertificatesInStore!crypt32.dll' from 'SupportedAPIs.xml'."
"Message",Normal,"          P/Invoke 'WSAGetOverlappedResult' resolved to 'WSAGetOverlappedResult!ws2_32.dll' from 'SupportedAPIs.xml'."
"Message",Normal,"          P/Invoke 'SysFreeString' resolved to 'SysFreeString!OleAut32' from 'SupportedAPIs.xml'."
"Message",Normal,"          P/Invoke 'CloseHandle' resolved to 'CloseHandle!kernel32.dll' from 'SupportedAPIs.xml'."
"Message",Normal,"          P/Invoke 'FormatMessageW' resolved to 'FormatMessageW!kernel32.dll' from 'SupportedAPIs.xml'."
"Message",Normal,"          P/Invoke 'FormatMessageW' resolved to 'FormatMessageW!kernel32.dll' from 'SupportedAPIs.xml'."
"Message",Normal,"          P/Invoke 'CertGetNameStringW' resolved to 'CertGetNameStringW!crypt32.dll' from 'SupportedAPIs.xml'."
"Message",Normal,"          P/Invoke 'CertGetNameStringW' resolved to 'CertGetNameStringW!crypt32.dll' from 'SupportedAPIs.xml'."
"Message",Normal,"          P/Invoke 'NCryptOpenKey' resolved to 'NCryptOpenKey!ncrypt.dll' from 'SupportedAPIs.xml'."
"Message",Normal,"          P/Invoke 'setsockopt' resolved to 'setsockopt!ws2_32.dll' from 'SupportedAPIs.xml'."
"Message",Normal,"          P/Invoke 'setsockopt' resolved to 'setsockopt!ws2_32.dll' from 'SupportedAPIs.xml'."
"Message",Normal,"          P/Invoke 'NCryptDeleteKey' resolved to 'NCryptDeleteKey!ncrypt.dll' from 'SupportedAPIs.xml'."
"Message",Normal,"          P/Invoke 'GetFileInformationByHandleEx' resolved to 'GetFileInformationByHandleEx!kernel32.dll' from 'SupportedAPIs.xml'."
"Message",Normal,"          P/Invoke 'NCryptOpenStorageProvider' resolved to 'NCryptOpenStorageProvider!ncrypt.dll' from 'SupportedAPIs.xml'."
"Message",Normal,"          P/Invoke 'CryptGetKeyParam' resolved to 'CryptGetKeyParam!advapi32.dll' from 'SupportedAPIs.xml'."
"Message",Normal,"          P/Invoke 'CryptFindOIDInfo' resolved to 'CryptFindOIDInfo!crypt32.dll' from 'SupportedAPIs.xml'."
"Message",Normal,"          P/Invoke 'RoGetBufferMarshaler' resolved to 'RoGetBufferMarshaler!api-ms-win-core-winrt-robuffer-l1-1-0.dll' from 'SupportedAPIs.xml'."
"Message",Normal,"          P/Invoke 'CertControlStore' resolved to 'CertControlStore!crypt32.dll' from 'SupportedAPIs.xml'."
"Message",Normal,"          P/Invoke 'CertGetCertificateChain' resolved to 'CertGetCertificateChain!crypt32.dll' from 'SupportedAPIs.xml'."
"Message",Normal,"          P/Invoke 'CreateFile2' resolved to 'CreateFile2!kernel32.dll' from 'SupportedAPIs.xml'."
"Message",Normal,"          P/Invoke 'CryptGetDefaultProviderW' resolved to 'CryptGetDefaultProviderW!advapi32.dll' from 'SupportedAPIs.xml'."
"Message",Normal,"          P/Invoke 'CryptAcquireContextW' resolved to 'CryptAcquireContextW!advapi32.dll' from 'SupportedAPIs.xml'."
"Message",Normal,"          P/Invoke 'CryptGetUserKey' resolved to 'CryptGetUserKey!advapi32.dll' from 'SupportedAPIs.xml'."
"Message",Normal,"          P/Invoke 'CertVerifyCertificateChainPolicy' resolved to 'CertVerifyCertificateChainPolicy!crypt32.dll' from 'SupportedAPIs.xml'."
"Message",Normal,"          P/Invoke 'CertNameToStrW' resolved to 'CertNameToStrW!crypt32.dll' from 'SupportedAPIs.xml'."
"Message",Normal,"          P/Invoke 'CryptFormatObject' resolved to 'CryptFormatObject!crypt32.dll' from 'SupportedAPIs.xml'."
"Message",Normal,"          P/Invoke 'CertOpenStore' resolved to 'CertOpenStore!crypt32.dll' from 'SupportedAPIs.xml'."
"Message",Normal,"          P/Invoke 'CertAddCertificateLinkToStore' resolved to 'CertAddCertificateLinkToStore!crypt32.dll' from 'SupportedAPIs.xml'."
"Message",Normal,"          P/Invoke 'CryptGetProvParam' resolved to 'CryptGetProvParam!advapi32.dll' from 'SupportedAPIs.xml'."
"Message",Normal,"          P/Invoke 'CryptDestroyKey' resolved to 'CryptDestroyKey!advapi32.dll' from 'SupportedAPIs.xml'."
"Message",Normal,"          P/Invoke 'NCryptFreeObject' resolved to 'NCryptFreeObject!ncrypt.dll' from 'SupportedAPIs.xml'."
"Message",Normal,"          P/Invoke 'CryptFormatObject' resolved to 'CryptFormatObject!crypt32.dll' from 'SupportedAPIs.xml'."
"Message",Normal,"          P/Invoke 'GetNetworkParams' resolved to 'GetNetworkParams!iphlpapi.dll' from 'SupportedAPIs.xml'."
"Message",Normal,"          P/Invoke 'LocalAlloc' resolved to 'LocalAlloc!kernel32.dll' from 'SupportedAPIs.xml'."
"Message",Normal,"          P/Invoke 'BCryptGenRandom' resolved to 'BCryptGenRandom!BCrypt.dll' from 'SupportedAPIs.xml'."
"Message",Normal,"          P/Invoke 'CryptImportPublicKeyInfoEx2' resolved to 'CryptImportPublicKeyInfoEx2!crypt32.dll' from 'SupportedAPIs.xml'."
"Message",Normal,"          P/Invoke 'BCryptExportKey' resolved to 'BCryptExportKey!BCrypt.dll' from 'SupportedAPIs.xml'."
"Message",Normal,"          P/Invoke 'CryptDecodeObject' resolved to 'CryptDecodeObject!crypt32.dll' from 'SupportedAPIs.xml'."
"Message",Normal,"          P/Invoke 'CertFreeCertificateChain' resolved to 'CertFreeCertificateChain!crypt32.dll' from 'SupportedAPIs.xml'."
"Message",Normal,"          P/Invoke 'CryptReleaseContext' resolved to 'CryptReleaseContext!advapi32.dll' from 'SupportedAPIs.xml'."
"Message",Normal,"          P/Invoke 'CertFindExtension' resolved to 'CertFindExtension!crypt32.dll' from 'SupportedAPIs.xml'."
"Message",Normal,"          P/Invoke 'CertGetValidUsages' resolved to 'CertGetValidUsages!crypt32.dll' from 'SupportedAPIs.xml'."
"Message",Normal,"          P/Invoke 'CertGetIntendedKeyUsage' resolved to 'CertGetIntendedKeyUsage!crypt32.dll' from 'SupportedAPIs.xml'."
"Message",Normal,"          P/Invoke 'LocalFree' resolved to 'LocalFree!kernel32.dll' from 'SupportedAPIs.xml'."
"Message",Normal,"          P/Invoke 'FormatMessageW' resolved to 'FormatMessageW!kernel32.dll' from 'SupportedAPIs.xml'."
"Message",Normal,"          P/Invoke 'FormatMessageW' resolved to 'FormatMessageW!kernel32.dll' from 'SupportedAPIs.xml'."
"Message",Normal,"          P/Invoke 'BCryptGetProperty' resolved to 'BCryptGetProperty!BCrypt.dll' from 'SupportedAPIs.xml'."
"Message",Normal,"          P/Invoke 'NCryptImportKey' resolved to 'NCryptImportKey!ncrypt.dll' from 'SupportedAPIs.xml'."
"Message",Normal,"          P/Invoke 'NCryptGetProperty' resolved to 'NCryptGetProperty!ncrypt.dll' from 'SupportedAPIs.xml'."
"Message",Normal,"          P/Invoke 'CryptImportKey' resolved to 'CryptImportKey!advapi32.dll' from 'SupportedAPIs.xml'."
"Message",Normal,"          P/Invoke 'CryptSetProvParam' resolved to 'CryptSetProvParam!advapi32.dll' from 'SupportedAPIs.xml'."
"Message",Normal,"          P/Invoke 'CertVerifyTimeValidity' resolved to 'CertVerifyTimeValidity!crypt32.dll' from 'SupportedAPIs.xml'."
"Message",Normal,"          P/Invoke 'BCryptDestroyKey' resolved to 'BCryptDestroyKey!BCrypt.dll' from 'SupportedAPIs.xml'."
"Message",Normal,"          P/Invoke 'FormatMessageW' resolved to 'FormatMessageW!kernel32.dll' from 'SupportedAPIs.xml'."
"Message",Normal,"          P/Invoke 'NCryptSetProperty' resolved to 'NCryptSetProperty!ncrypt.dll' from 'SupportedAPIs.xml'."
"Message",Normal,"          P/Invoke 'CryptDecodeObject' resolved to 'CryptDecodeObject!crypt32.dll' from 'SupportedAPIs.xml'."
"Message",Normal,"          P/Invoke 'CryptSetProvParam' resolved to 'CryptSetProvParam!advapi32.dll' from 'SupportedAPIs.xml'."
"Message",Normal,"          P/Invoke 'CryptFindOIDInfo' resolved to 'CryptFindOIDInfo!crypt32.dll' from 'SupportedAPIs.xml'."
"Message",Normal,"          P/Invoke 'CryptGenKey' resolved to 'CryptGenKey!advapi32.dll' from 'SupportedAPIs.xml'."
"Message",Normal,"          P/Invoke 'FormatMessageW' resolved to 'FormatMessageW!kernel32.dll' from 'SupportedAPIs.xml'."
"Message",Normal,"          P/Invoke 'BCryptCreateHash' resolved to 'BCryptCreateHash!BCrypt.dll' from 'SupportedAPIs.xml'."
"Message",Normal,"          P/Invoke 'BCryptGetProperty' resolved to 'BCryptGetProperty!BCrypt.dll' from 'SupportedAPIs.xml'."
"Message",Normal,"          P/Invoke 'BCryptOpenAlgorithmProvider' resolved to 'BCryptOpenAlgorithmProvider!BCrypt.dll' from 'SupportedAPIs.xml'."
"Message",Normal,"          P/Invoke 'BCryptCloseAlgorithmProvider' resolved to 'BCryptCloseAlgorithmProvider!BCrypt.dll' from 'SupportedAPIs.xml'."
"Message",Normal,"          P/Invoke 'BCryptDestroyHash' resolved to 'BCryptDestroyHash!BCrypt.dll' from 'SupportedAPIs.xml'."
"Message",Normal,"          P/Invoke 'getsockname' resolved to 'getsockname!ws2_32.dll' from 'SupportedAPIs.xml'."
"Message",Normal,"          P/Invoke 'getpeername' resolved to 'getpeername!ws2_32.dll' from 'SupportedAPIs.xml'."
"Message",Normal,"          P/Invoke 'WSAStartup' resolved to 'WSAStartup!ws2_32.dll' from 'SupportedAPIs.xml'."
"Message",Normal,"          P/Invoke 'select' resolved to 'select!ws2_32.dll' from 'SupportedAPIs.xml'."
"Message",Normal,"          P/Invoke 'select' resolved to 'select!ws2_32.dll' from 'SupportedAPIs.xml'."
"Message",Normal,"          P/Invoke 'ioctlsocket' resolved to 'ioctlsocket!ws2_32.dll' from 'SupportedAPIs.xml'."
"Message",Normal,"          P/Invoke 'shutdown' resolved to 'shutdown!ws2_32.dll' from 'SupportedAPIs.xml'."
"Message",Normal,"          P/Invoke 'setsockopt' resolved to 'setsockopt!ws2_32.dll' from 'SupportedAPIs.xml'."
"Message",Normal,"          P/Invoke 'recv' resolved to 'recv!ws2_32.dll' from 'SupportedAPIs.xml'."
"Message",Normal,"          P/Invoke 'WSAIoctl' resolved to 'WSAIoctl!ws2_32.dll' from 'SupportedAPIs.xml'."
"Message",Normal,"          P/Invoke 'RevertToSelf' resolved to 'RevertToSelf!advapi32.dll' from 'SupportedAPIs.xml'."
"Message",Normal,"          P/Invoke 'ImpersonateLoggedOnUser' resolved to 'ImpersonateLoggedOnUser!advapi32.dll' from 'SupportedAPIs.xml'."
"Message",Normal,"          P/Invoke 'GetAddrInfoW' resolved to 'GetAddrInfoW!ws2_32.dll' from 'SupportedAPIs.xml'."
"Message",Normal,"          P/Invoke 'WSASocketW' resolved to 'WSASocketW!ws2_32.dll' from 'SupportedAPIs.xml'."
"Message",Normal,"          P/Invoke 'closesocket' resolved to 'closesocket!ws2_32.dll' from 'SupportedAPIs.xml'."
"Message",Normal,"          P/Invoke 'WSASocketW' resolved to 'WSASocketW!ws2_32.dll' from 'SupportedAPIs.xml'."
"Message",Normal,"          P/Invoke 'WSAConnect' resolved to 'WSAConnect!ws2_32.dll' from 'SupportedAPIs.xml'."
"Message",Normal,"          P/Invoke 'listen' resolved to 'listen!ws2_32.dll' from 'SupportedAPIs.xml'."
"Message",Normal,"          P/Invoke 'GetCurrentThread' resolved to 'GetCurrentThread!kernel32.dll' from 'SupportedAPIs.xml'."
"Message",Normal,"          P/Invoke 'OpenThreadToken' resolved to 'OpenThreadToken!advapi32.dll' from 'SupportedAPIs.xml'."
"Message",Normal,"          P/Invoke 'GetCurrentProcess' resolved to 'GetCurrentProcess!kernel32.dll' from 'SupportedAPIs.xml'."
"Message",Normal,"          P/Invoke 'OpenProcessToken' resolved to 'OpenProcessToken!advapi32.dll' from 'SupportedAPIs.xml'."
"Message",Normal,"          P/Invoke 'bind' resolved to 'bind!ws2_32.dll' from 'SupportedAPIs.xml'."
"Message",Normal,"          P/Invoke 'getsockopt' resolved to 'getsockopt!ws2_32.dll' from 'SupportedAPIs.xml'."
"Message",Normal,"          P/Invoke 'send' resolved to 'send!ws2_32.dll' from 'SupportedAPIs.xml'."
"Message",Normal,"          P/Invoke 'CloseHandle' resolved to 'CloseHandle!kernel32.dll' from 'SupportedAPIs.xml'."
"Message",Normal,"          P/Invoke 'freeaddrinfo' resolved to 'freeaddrinfo!ws2_32.dll' from 'SupportedAPIs.xml'."
"Message",Normal,"          P/Invoke 'FreeAddrInfoExW' resolved to 'FreeAddrInfoExW!ws2_32.dll' from 'SupportedAPIs.xml'."
"Message",Normal,"          P/Invoke 'WSASocketW' resolved to 'WSASocketW!ws2_32.dll' from 'SupportedAPIs.xml'."
"Message",Normal,"          P/Invoke 'closesocket' resolved to 'closesocket!ws2_32.dll' from 'SupportedAPIs.xml'."
"Message",Normal,"          P/Invoke 'gethostname' resolved to 'gethostname!ws2_32.dll' from 'SupportedAPIs.xml'."
"Message",Normal,"          P/Invoke 'getsockopt' resolved to 'getsockopt!ws2_32.dll' from 'SupportedAPIs.xml'."
"Message",Normal,"          P/Invoke 'getsockopt' resolved to 'getsockopt!ws2_32.dll' from 'SupportedAPIs.xml'."
"Message",Normal,"          P/Invoke 'getsockopt' resolved to 'getsockopt!ws2_32.dll' from 'SupportedAPIs.xml'."
"Message",Normal,"          P/Invoke 'ioctlsocket' resolved to 'ioctlsocket!ws2_32.dll' from 'SupportedAPIs.xml'."
"Message",Normal,"          P/Invoke 'setsockopt' resolved to 'setsockopt!ws2_32.dll' from 'SupportedAPIs.xml'."
"Message",Normal,"          P/Invoke 'LsaGetLogonSessionData' resolved to 'LsaGetLogonSessionData!sspicli.dll' from 'SupportedAPIs.xml'."
"Message",Normal,"          P/Invoke 'LsaNtStatusToWinError' resolved to 'LsaNtStatusToWinError!advapi32.dll' from 'SupportedAPIs.xml'."
"Message",Normal,"          P/Invoke 'DuplicateTokenEx' resolved to 'DuplicateTokenEx!advapi32.dll' from 'SupportedAPIs.xml'."
"Message",Normal,"          P/Invoke 'CheckTokenMembershipEx' resolved to 'CheckTokenMembershipEx!kernel32.dll' from 'SupportedAPIs.xml'."
"Message",Normal,"          P/Invoke 'LsaFreeReturnBuffer' resolved to 'LsaFreeReturnBuffer!sspicli.dll' from 'SupportedAPIs.xml'."
"Message",Normal,"          P/Invoke 'accept' resolved to 'accept!ws2_32.dll' from 'SupportedAPIs.xml'."
"Message",Normal,"          P/Invoke 'GetAddrInfoExW' resolved to 'GetAddrInfoExW!ws2_32.dll' from 'SupportedAPIs.xml'."
"Message",Normal,"          P/Invoke 'WSARecv' resolved to 'WSARecv!ws2_32.dll' from 'SupportedAPIs.xml'."
"Message",Normal,"          P/Invoke 'WSASend' resolved to 'WSASend!ws2_32.dll' from 'SupportedAPIs.xml'."
"Message",Normal,"          P/Invoke 'GetTokenInformation' resolved to 'GetTokenInformation!advapi32.dll' from 'SupportedAPIs.xml'."
"Message",Normal,"          P/Invoke 'LocalAlloc' resolved to 'LocalAlloc!kernel32.dll' from 'SupportedAPIs.xml'."
"Message",Normal,"          P/Invoke 'LocalFree' resolved to 'LocalFree!kernel32.dll' from 'SupportedAPIs.xml'."
"Message",Normal,"          P/Invoke 'GetNameInfoW' resolved to 'GetNameInfoW!ws2_32.dll' from 'SupportedAPIs.xml'."
"Message",Normal,"          P/Invoke 'GetTokenInformation' resolved to 'GetTokenInformation!advapi32.dll' from 'SupportedAPIs.xml'."
"Message",Normal,"          P/Invoke 'DuplicateHandle' resolved to 'DuplicateHandle!kernel32.dll' from 'SupportedAPIs.xml'."
"Message",Normal,"          P/Invoke 'CertVerifyCertificateChainPolicy' resolved to 'CertVerifyCertificateChainPolicy!crypt32.dll' from 'SupportedAPIs.xml'."
"Message",Normal,"          P/Invoke 'LsaLookupSids' resolved to 'LsaLookupSids!advapi32.dll' from 'SupportedAPIs.xml'."
"Message",Normal,"          P/Invoke 'LsaLookupNames2' resolved to 'LsaLookupNames2!advapi32.dll' from 'SupportedAPIs.xml'."
"Message",Normal,"          P/Invoke 'CertEnumCertificatesInStore' resolved to 'CertEnumCertificatesInStore!crypt32.dll' from 'SupportedAPIs.xml'."
"Message",Normal,"          P/Invoke 'SetFileCompletionNotificationModes' resolved to 'SetFileCompletionNotificationModes!kernel32.dll' from 'SupportedAPIs.xml'."
"Message",Normal,"          P/Invoke 'LsaOpenPolicy' resolved to 'LsaOpenPolicy!advapi32.dll' from 'SupportedAPIs.xml'."
"Message",Normal,"          P/Invoke 'LsaClose' resolved to 'LsaClose!advapi32.dll' from 'SupportedAPIs.xml'."
"Message",Normal,"          P/Invoke 'LsaFreeMemory' resolved to 'LsaFreeMemory!advapi32.dll' from 'SupportedAPIs.xml'."
"Message",Normal,"          P/Invoke 'CertFreeCertificateContext' resolved to 'CertFreeCertificateContext!crypt32.dll' from 'SupportedAPIs.xml'."
"Message",Normal,"          P/Invoke 'EncryptMessage' resolved to 'EncryptMessage!sspicli.dll' from 'SupportedAPIs.xml'."
"Message",Normal,"          P/Invoke 'DecryptMessage' resolved to 'DecryptMessage!sspicli.dll' from 'SupportedAPIs.xml'."
"Message",Normal,"          P/Invoke 'EnumerateSecurityPackagesW' resolved to 'EnumerateSecurityPackagesW!sspicli.dll' from 'SupportedAPIs.xml'."
"Message",Normal,"          P/Invoke 'QueryContextAttributesW' resolved to 'QueryContextAttributesW!sspicli.dll' from 'SupportedAPIs.xml'."
"Message",Normal,"          P/Invoke 'ApplyControlToken' resolved to 'ApplyControlToken!sspicli.dll' from 'SupportedAPIs.xml'."
"Message",Normal,"          P/Invoke 'FreeContextBuffer' resolved to 'FreeContextBuffer!sspicli.dll' from 'SupportedAPIs.xml'."
"Message",Normal,"          P/Invoke 'AcceptSecurityContext' resolved to 'AcceptSecurityContext!sspicli.dll' from 'SupportedAPIs.xml'."
"Message",Normal,"          P/Invoke 'DeleteSecurityContext' resolved to 'DeleteSecurityContext!sspicli.dll' from 'SupportedAPIs.xml'."
"Message",Normal,"          P/Invoke 'InitializeSecurityContextW' resolved to 'InitializeSecurityContextW!sspicli.dll' from 'SupportedAPIs.xml'."
"Message",Normal,"          P/Invoke 'AcquireCredentialsHandleW' resolved to 'AcquireCredentialsHandleW!sspicli.dll' from 'SupportedAPIs.xml'."
"Message",Normal,"          P/Invoke 'FreeCredentialsHandle' resolved to 'FreeCredentialsHandle!sspicli.dll' from 'SupportedAPIs.xml'."
"Message",High,"  Generating code..."
"Message",High,"  Interop code generated."
"Message",Normal,"  Written code to AssemblyInfo.g.cs"
"Message",Normal,"  Written code to Adapters.g.cs"
"Message",Normal,"  Written code to Data.g.cs"
"Message",Normal,"  Written code to Helpers.g.cs"
"Message",Normal,"  Written code to ImplTypes.g.cs"
"Message",Normal,"  Written code to PInvoke.g.cs"
"Message",Normal,"  Written code to SafeTypes.g.cs"
"Message",Normal,"  Written code to SharedStubs.g.cs"
"Message",Normal,"Running 'GenerateCodeAndCompile' transform, heap at 399 MB."
"Message",High,"Compiling interop code"
"Message",Normal,"Compiling generated source code: C:\Users\Jupiter\.nuget\packages\microsoft.net.native.compiler\2.2.8-rel-28605-00\tools\csc\csc.exe /noconfig @""D:\Repositories\DeveloperWOW64\reform\reform\obj\x86\Release\ilc\intermediate\reform.McgInterop.rsp"""
"Message",High,"Generating System.Reflection.DispatchProxy proxy code."
"Message",Normal,"Running 'ReducedCopyInitialize' transform, heap at 399 MB."
"Message",Normal,"Running 'ReducedCopyEmptyTypes' transform, heap at 428 MB."
"Message",Normal,"Running 'ReducedCopyPopulateTypes' transform, heap at 436 MB."
"Message",Normal,"Running 'ReducedCopyLateMetadata' transform, heap at 385 MB."
"Message",Normal,"Running 'ReducedCopyPassResourcesToMutableAssembly' transform, heap at 430 MB."
"Message",Normal,"Running 'ReducedCopyMethodBodies' transform, heap at 431 MB."
"Message",Normal,"Running 'ReducedCopyComplete' transform, heap at 469 MB."
"Message",Normal,"Running 'ReducedCopyCleanup' transform, heap at 521 MB."
"Message",Normal,"Running 'DeveloperExperienceModeOnlyCodeRemover' transform, heap at 139 MB."
"Message",Normal,"Running 'ComImportDetector' transform, heap at 139 MB."
"Message",Normal,"Running 'McgAccessor' transform, heap at 139 MB."
"Message",Normal,"Running 'McgRedirect' transform, heap at 143 MB."
"Message",Normal,"Running 'McgRedirect' transform, heap at 150 MB."
"Message",Normal,"Running 'McgTypeOf' transform, heap at 152 MB."
"Message",Normal,"Running 'EventSource' transform, heap at 166 MB."
"Message",Normal,"Running 'ValueType' transform, heap at 166 MB."
"Message",Normal,"Running 'Attribute' transform, heap at 167 MB."
"Message",Normal,"Running 'GetType' transform, heap at 167 MB."
"Message",Normal,"Running 'McgFixups' transform, heap at 169 MB."
"Message",Normal,"Running 'ResourceManagerCtor' transform, heap at 171 MB."
"Message",Normal,"Running 'TypeofTypeHandle' transform, heap at 171 MB."
"Message",Normal,"Running 'DispatchProxyIntrinsics' transform, heap at 182 MB."
"Message",Normal,"Running 'StaticInitData' transform, heap at 183 MB."
"Message",Normal,"Running 'Delegate' transform, heap at 202 MB."
"Message",Normal,"Running 'LazyGenerics' transform, heap at 205 MB."
"Message",Normal,"Running 'AddReflectionBlockedAttributes' transform, heap at 245 MB."
"Message",Normal,"Running 'DisableOptimization' transform, heap at 245 MB."
"Message",Normal,"Running 'ResourceExtractor' transform, heap at 245 MB."
"Message",Normal,"Running 'CreateMetadata' transform, heap at 246 MB."
"Message",Normal,"Running 'StartupCodeInjector' transform, heap at 186 MB."
"Message",Normal,"Running 'SaveRVAStatics' transform, heap at 186 MB."
"Message",Normal,"Running 'ReflectionInvoke' transform, heap at 188 MB."
"Message",Normal,"Running 'ScrubOpenCalls' transform, heap at 192 MB."
"Message",Normal,"Running 'ConvertCatchIntoFilter' transform, heap at 192 MB."
"Message",Normal,"Running 'ReflectionMappingInfoEmit' transform, heap at 193 MB."
"Message",Normal,"Running 'ReflectionIntrinsics' transform, heap at 199 MB."
"Message",Normal,"Running 'ConvertManagedWinMD' transform, heap at 199 MB."
"Message",Normal,"Running 'DebuggerGuidedStepThroughJmc' transform, heap at 199 MB."
"Message",Normal,"Running 'Reducer' transform, heap at 207 MB."
"Message",High,"Cleaning up unreferenced code"
"Message",Normal,"Running 'WriteAssemblies' transform, heap at 280 MB."
"Message",Normal,""
"Message",Normal,"Transform summary"
"Message",Normal,"    ms | heap delta | name"
"Message",Normal,"  9810 |        236 | Analysis"
"Message",Normal,"  3693 |          0 | GenerateCodeAndCompile"
"Message",Normal,"  2414 |        -30 | WriteAssemblies"
"Message",Normal,"  1874 |         73 | Reducer"
"Message",Normal,"  1383 |         96 | Mcg"
"Message",Normal,"   810 |         38 | ReducedCopyMethodBodies"
"Message",Normal,"   622 |        -60 | CreateMetadata"
"Message",Normal,"   503 |        -51 | ReducedCopyPopulateTypes"
"Message",Normal,"   430 |         52 | ReducedCopyComplete"
"Message",Normal,"   304 |         29 | ReducedCopyInitialize"
"Message",Normal,"   296 |         45 | ReducedCopyLateMetadata"
"Message",Normal,"   177 |       -382 | ReducedCopyCleanup"
"Message",Normal,"   171 |         40 | LazyGenerics"
"Message",Normal,"   160 |          7 | McgRedirect"
"Message",Normal,"   154 |         14 | McgTypeOf"
"Message",Normal,"   103 |          2 | McgRedirect"
"Message",Normal,"    92 |         11 | TypeofTypeHandle"
"Message",Normal,"    75 |         19 | StaticInitData"
"Message",Normal,"    73 |          1 | ResourceExtractor"
"Message",Normal,"    71 |         15 | DumpNativeResources"
"Message",Normal,"    55 |          2 | SaveRVAStatics"
"Message",Normal,"    29 |          8 | ReducedCopyEmptyTypes"
"Message",Normal,"    28 |          2 | GetType"
"Message",Normal,"    27 |          8 | DebuggerGuidedStepThroughJmc"
"Message",Normal,"    18 |          1 | DispatchProxyIntrinsics"
"Message",Normal,"    18 |          0 | ScrubOpenCalls"
"Message",Normal,"    15 |          2 | McgFixups"
"Message",Normal,"    15 |          0 | ReflectionIntrinsics"
"Message",Normal,"    12 |          4 | McgAccessor"
"Message",Normal,"    11 |          4 | ReflectionInvoke"
"Message",Normal,"    10 |          1 | ConvertCatchIntoFilter"
"Message",Normal,"     6 |          3 | Delegate"
"Message",Normal,"     6 |          6 | ReflectionMappingInfoEmit"
"Message",Normal,"     4 |          0 | EventSource"
"Message",Normal,"     3 |          1 | ReducedCopyPassResourcesToMutableAssembly"
"Message",Normal,"     3 |          0 | AddReflectionBlockedAttributes"
"Message",Normal,"     3 |          0 | Attribute"
"Message",Normal,"     1 |          1 | ValueType"
"Message",Normal,"     0 |          0 | DisableOptimization"
"Message",Normal,"     0 |          0 | DeveloperExperienceModeOnlyCodeRemover"
"Message",Normal,"     0 |          0 | ComImportDetector"
"Message",Normal,"     0 |          0 | ConvertManagedWinMD"
"Message",Normal,"     0 |          0 | ResourceManagerCtor"
"Message",Normal,"     0 |          0 | StartupCodeInjector"
"Message",Low,"Done executing task ""RunILTransforms""."
"Message",Low,"Done building target ""RunILTransforms"" in file ""ILTransforms""."
"Message",Low,"Done building project ""ILTransforms""."
"Message",Low,""
"Message",Low,""
"Message",Low,"Done building target ""GenerateMDIL"" in file ""Nutc""."
"Message",Low,""
"Message",High,"Generating native code"
"Message",Low,"Done building target ""MDILPrepareMultiFile"" in file ""Nutc""."
"Message",Low,""
"Message",Low,"Done building target ""SetBinaryForReferences"" in file ""Nutc""."
"Message",Low,""
"Message",Low,"Task ""GenerateMDILGlobalAnalysis"""
"Message",Normal,"Launching 'C:\Users\Jupiter\.nuget\packages\runtime.win10-x86.microsoft.net.native.compiler\2.2.8-rel-28605-00\tools\x86\ilc\Tools\nutc_driver.exe @""D:\Repositories\DeveloperWOW64\reform\reform\obj\x86\Release\ilc\intermediate\MDIL\reform.rsp""'"
"Message",Low,"Microsoft (R) MDIL Compiler - Version 2.2.28605.00"
"Message",Low,"Copyright (c) Microsoft Corporation.  All rights reserved."
"Message",Low,"Scanning input types"
"Message",Low,"Scanning 20265 methods."
"Message",Low,"Scanning 13693 methods."
"Message",Low,"Scanning 7814 methods."
"Message",Low,"Scanning 5370 methods."
"Message",Low,"Scanning 3630 methods."
"Message",Low,"Scanning 2401 methods."
"Message",Low,"Scanning 2418 methods."
"Message",Low,"Scanning 1335 methods."
"Message",Low,"Scanning 1136 methods."
"Message",Low,"Scanning 893 methods."
"Message",Low,"Scanning 629 methods."
"Message",Low,"Scanning 574 methods."
"Message",Low,"Scanning 484 methods."
"Message",Low,"Scanning 454 methods."
"Message",Low,"Scanning 486 methods."
"Message",Low,"Scanning 317 methods."
"Message",Low,"Scanning 137 methods."
"Message",Low,"Scanning 126 methods."
"Message",Low,"Scanning 56 methods."
"Message",Low,"Scanning 16 methods."
"Message",Low,"Scanning 14 methods."
"Message",Low,"Scanning 2 methods."
"Message",Low,"Scanning 6 methods."
"Message",Low,"Scanning 12 methods."
"Message",Low,"Scanning 14 methods."
"Message",Low,"Scanning 13 methods."
"Message",Low,"Eager code generation"
"Message",Low,"Compiling 62295 methods."
"Message",Low,"Deferred code generation"
"Message",Low,"Compiling 7 methods."
"Message",Low,"Compiling 1 methods."
"Message",Low,"Call to managed method Initialize succeeded; exit code: 0 while generating CTL.Stack trace metadata statistics"
"Message",Low,"Number of methods emitted:   30329"
"Message",Low,"Metadata blob size:          674729"
"Message",Low,"Method RVA - token map size: 242632"
"Message",Low,"Total native size:           917361"
"Message",Low,"Successfully generated 'D:\Repositories\DeveloperWOW64\reform\reform\obj\x86\Release\ilc\intermediate\MDIL\reform.mdilexe'"
"Message",Low,"Successfully generated 'D:\Repositories\DeveloperWOW64\reform\reform\obj\x86\Release\ilc\intermediate\MDIL\reform.mdilpdb'"
"Message",Low,"Compiled to MDIL code."
"Message",Normal,"'C:\Users\Jupiter\.nuget\packages\runtime.win10-x86.microsoft.net.native.compiler\2.2.8-rel-28605-00\tools\x86\ilc\Tools\nutc_driver.exe @""D:\Repositories\DeveloperWOW64\reform\reform\obj\x86\Release\ilc\intermediate\MDIL\reform.rsp""' completed."
"Message",Normal,"Process execution statistics (all times in milliseconds)"
"Message",Normal,"-----------------------------------------------------------------------------"
"Message",Normal,"launch  |  start   |   stop   |   end    | duration | lifetime | [slot] name"
"Message",Normal,"-----------------------------------------------------------------------------"
"Message",Normal,"       0 |        0 |    27922 |    27922 |    27922 |    27922 | [0] Nutc GlobalAnalysis"
"Message",Normal,"Number of commands:      1"
"Message",Normal,"Total system time:       27922 ms"
"Message",Normal,"System time per command: 27922 ms"
"Message",Normal,"Total duration:          27922 ms"
"Message",Normal,"Total lifetime:          27922 ms"
"Message",Normal,"Requested DOP:           8"
"Message",Normal,"Duration DOP:            1.0"
"Message",Normal,"Lifetime DOP:            1.0"
"Message",Low,"Done executing task ""GenerateMDILGlobalAnalysis""."
"Message",Low,"Done building target ""GenerateMDILGlobalAnalysis"" in file ""Nutc""."
"Message",Low,""
"Message",Low,"Task ""rc"""
"Message",Normal,"Launching 'C:\Program Files (x86)\Windows Kits\10\bin\10.0.19041.0\x64\rc.exe /c ""65001"" /r /fo ""D:\Repositories\DeveloperWOW64\reform\reform\obj\x86\Release\ilc\intermediate\BuildInfo\BuildInfo.res"" ""D:\Repositories\DeveloperWOW64\reform\reform\obj\x86\Release\ilc\intermediate\BuildInfo\BuildInfo.rc""'"
"Message",Low,"Microsoft (R) Windows (R) Resource Compiler Version 10.0.10011.16384"
"Message",Low,"Copyright (C) Microsoft Corporation.  All rights reserved."
"Message",Normal,"'C:\Program Files (x86)\Windows Kits\10\bin\10.0.19041.0\x64\rc.exe /c ""65001"" /r /fo ""D:\Repositories\DeveloperWOW64\reform\reform\obj\x86\Release\ilc\intermediate\BuildInfo\BuildInfo.res"" ""D:\Repositories\DeveloperWOW64\reform\reform\obj\x86\Release\ilc\intermediate\BuildInfo\BuildInfo.rc""' completed."
"Message",Normal,"Process execution statistics (all times in milliseconds)"
"Message",Normal,"-----------------------------------------------------------------------------"
"Message",Normal,"launch  |  start   |   stop   |   end    | duration | lifetime | [slot] name"
"Message",Normal,"-----------------------------------------------------------------------------"
"Message",Normal,"       0 |       16 |       47 |       47 |       31 |       47 | [0] rc"
"Message",Normal,"Number of commands:      1"
"Message",Normal,"Total system time:       47 ms"
"Message",Normal,"System time per command: 47 ms"
"Message",Normal,"Total duration:          31 ms"
"Message",Normal,"Total lifetime:          47 ms"
"Message",Normal,"Requested DOP:           8"
"Message",Normal,"Duration DOP:            0.7"
"Message",Normal,"Lifetime DOP:            1.0"
"Message",Low,"Done executing task ""rc""."
"Message",Low,"Task ""ResourceBinaryConcatenate"""
"Message",Normal,"Concatenating into 'D:\Repositories\DeveloperWOW64\reform\reform\obj\x86\Release\ilc\intermediate\Native.res' with alignment '4'."
"Message",Normal," Added 'D:\Repositories\DeveloperWOW64\reform\reform\obj\x86\Release\ilc\intermediate\ILTransformed\reform.res' at offset 0."
"Message",Normal," Added 'D:\Repositories\DeveloperWOW64\reform\reform\obj\x86\Release\ilc\intermediate\BuildInfo\BuildInfo.res' at offset 1368."
"Message",Low,"Done executing task ""ResourceBinaryConcatenate""."
"Message",Low,"Done building target ""GenerateBuildInfo"" in file ""Nutc""."
"Message",Low,"Done building project ""Nutc""."
"Message",Low,""
"Message",Low,""
"Message",Low,"Done building target ""MDILBindPrepare"" in file ""Binder""."
"Message",Low,""
"Message",High,"Generating fixups for native code"
"Message",Low,"Task ""MDILBind"""
"Message",Normal,"Launching 'C:\Users\Jupiter\.nuget\packages\runtime.win10-x86.microsoft.net.native.compiler\2.2.8-rel-28605-00\tools\x86\ilc\Tools\rhbind.exe @""D:\Repositories\DeveloperWOW64\reform\reform\obj\x86\Release\ilc\intermediate\rhbindargs.reform.rsp""'"
"Message",Low,"OS VERSION: major: 6  minor: 2"
"Message",Low,"MDIL: D:\Repositories\DeveloperWOW64\reform\reform\obj\x86\Release\ilc\intermediate\MDIL\reform.mdilexe"
"Message",Low,"MDILPDB: D:\Repositories\DeveloperWOW64\reform\reform\obj\x86\Release\ilc\intermediate\MDIL\reform.mdilpdb"
"Message",Low,"IL: D:\Repositories\DeveloperWOW64\reform\reform\obj\x86\Release\ilc\intermediate\MDIL\reform.ilexe"
"Message",Low,"NI: D:\Repositories\DeveloperWOW64\reform\reform\obj\x86\Release\ilc\intermediate\Native\reform.dll"
"Message",Low,"SHIM: D:\Repositories\DeveloperWOW64\reform\reform\obj\x86\Release\ilc\intermediate\Native\reform.exe"
"Message",Low,"REDHAWK_RUNTIME_DLL_NAME_A=mrt100_app.dll"
"Message",Low,"pdb: D:\Repositories\DeveloperWOW64\reform\reform\obj\x86\Release\ilc\intermediate\Native\reform.pdb"
"Message",Low,"Produced D:\Repositories\DeveloperWOW64\reform\reform\obj\x86\Release\ilc\intermediate\Native\reform.dll in 2.952 seconds"
"Message",Normal,"'C:\Users\Jupiter\.nuget\packages\runtime.win10-x86.microsoft.net.native.compiler\2.2.8-rel-28605-00\tools\x86\ilc\Tools\rhbind.exe @""D:\Repositories\DeveloperWOW64\reform\reform\obj\x86\Release\ilc\intermediate\rhbindargs.reform.rsp""' completed."
"Message",Normal,"Process execution statistics (all times in milliseconds)"
"Message",Normal,"-----------------------------------------------------------------------------"
"Message",Normal,"launch  |  start   |   stop   |   end    | duration | lifetime | [slot] name"
"Message",Normal,"-----------------------------------------------------------------------------"
"Message",Normal,"       0 |        0 |     3000 |     3000 |     3000 |     3000 | [0] rhbind reform"
"Message",Normal,"Number of commands:      1"
"Message",Normal,"Total system time:       3000 ms"
"Message",Normal,"System time per command: 3000 ms"
"Message",Normal,"Total duration:          3000 ms"
"Message",Normal,"Total lifetime:          3000 ms"
"Message",Normal,"Requested DOP:           8"
"Message",Normal,"Duration DOP:            1.0"
"Message",Normal,"Lifetime DOP:            1.0"
"Message",Low,"Done executing task ""MDILBind""."
"Message",Low,"Done building target ""MDILBind"" in file ""Binder""."
"Message",Low,"Done building project ""Binder""."
"Message",Low,""
"Message",Low,""
"Message",Low,"Done building target ""CopyNativeExecutablesToOutput"" in file ""Deployment""."
"Message",Low,""
"Message",Low,"Task ""TransformAppxManifest"""
"Message",Low,"Done executing task ""TransformAppxManifest""."
"Message",Low,"Done building target ""TransformAppxManifestAndAddCrt"" in file ""Deployment""."
"Message",Low,""
"Message",Low,"Done building target ""CopyPackageResourceFileInRetailBuild"" in file ""Deployment""."
"Message",Low,"Done building project ""Deployment""."
"Message",Low,"Compilation finished"
